"","key","decimalLongitude","decimalLatitude","country","name"
"1","2563502850",19.159958,-33.896252,"South Africa","Protea.laurifolia"
"2","2563505252",19.154094,-33.891036,"South Africa","Protea.laurifolia"
"3","2563579219",18.641188,-32.791508,"South Africa","Protea.laurifolia"
"4","2563587254",18.64022,-32.803683,"South Africa","Protea.laurifolia"
"5","2563592113",19.168667,-33.948319,"South Africa","Protea.laurifolia"
"6","2573983191",19.157785,-33.90449,"South Africa","Protea.laurifolia"
"7","2597715168",19.725292,-33.616519,"South Africa","Protea.laurifolia"
"8","2597738524",19.723314,-33.616167,"South Africa","Protea.laurifolia"
"9","2597863512",19.724186,-33.616534,"South Africa","Protea.laurifolia"
"10","2579255016",18.435867,-33.94365,"South Africa","Protea.laurifolia"
"11","2579382485",19.043978,-31.37138,"South Africa","Protea.laurifolia"
"12","2580090622",19.158456,-33.925678,"South Africa","Protea.laurifolia"
"13","2596133074",18.875058,-33.9318,"South Africa","Protea.laurifolia"
"14","2596252195",19.148253,-33.932992,"South Africa","Protea.laurifolia"
"15","2596388344",18.882033,-33.965897,"South Africa","Protea.laurifolia"
"16","2596431834",19.290164,-33.231756,"South Africa","Protea.laurifolia"
"17","1990609535",19.155994,-32.46763,"South Africa","Protea.laurifolia"
"18","2006088171",19.212257,-33.069771,"South Africa","Protea.laurifolia"
"19","2012960247",19.199512,-32.902504,"South Africa","Protea.laurifolia"
"20","2013009873",19.437222,-33.580887,"South Africa","Protea.laurifolia"
"21","2236267420",19.282959,-33.387736,"South Africa","Protea.laurifolia"
"22","2429195957",18.643612,-33.841683,"South Africa","Protea.laurifolia"
"23","2235474670",18.944996,-33.903248,"South Africa","Protea.laurifolia"
"24","2235510180",19.22259,-32.67208,"South Africa","Protea.laurifolia"
"25","2238783227",19.057707,-33.673521,"South Africa","Protea.laurifolia"
"26","2429197104",18.826538,-31.736792,"South Africa","Protea.laurifolia"
"27","2236289761",19.635948,-33.971878,"South Africa","Protea.laurifolia"
"28","2238815648",18.884722,-34.166389,"South Africa","Protea.laurifolia"
"29","2238903918",18.643846,-33.840662,"South Africa","Protea.laurifolia"
"30","2238947154",18.430875,-34.081236,"South Africa","Protea.laurifolia"
"31","2238999837",18.403181,-33.948166,"South Africa","Protea.laurifolia"
"32","2239000919",18.403858,-33.948625,"South Africa","Protea.laurifolia"
"33","2239044628",18.430822,-34.081203,"South Africa","Protea.laurifolia"
"34","2242761300",18.398936,-33.948339,"South Africa","Protea.laurifolia"
"35","2242761437",18.411925,-33.951881,"South Africa","Protea.laurifolia"
"36","2242766586",18.394714,-33.939038,"South Africa","Protea.laurifolia"
"37","2242766817",18.394639,-33.938644,"South Africa","Protea.laurifolia"
"38","2242768353",18.375231,-34.194252,"South Africa","Protea.laurifolia"
"39","2242773873",18.431015,-34.080726,"South Africa","Protea.laurifolia"
"40","2242777968",18.633965,-33.834398,"South Africa","Protea.laurifolia"
"41","2242786232",18.403933,-33.948798,"South Africa","Protea.laurifolia"
"42","2242970577",18.943613,-34.104442,"South Africa","Protea.laurifolia"
"43","2273201954",18.430329,-34.07955,"South Africa","Protea.laurifolia"
"44","2283013520",18.87218,-34.065719,"South Africa","Protea.laurifolia"
"45","2294663804",19.279892,-32.540887,"South Africa","Protea.laurifolia"
"46","2294664113",19.270886,-32.539373,"South Africa","Protea.laurifolia"
"47","2563580096",19.06863,-32.91129,"South Africa","Protea.laurifolia"
"48","2609073781",19.058297,-33.674904,"South Africa","Protea.laurifolia"
"49","2244260274",18.394425,-33.939702,"South Africa","Protea.laurifolia"
"50","2244267945",19.480658,-32.924633,"South Africa","Protea.laurifolia"
"51","2244281931",19.133426,-33.519633,"South Africa","Protea.laurifolia"
"52","2251891778",19.047285,-33.858325,"South Africa","Protea.laurifolia"
"53","2251902766",18.441198,-33.949062,"South Africa","Protea.laurifolia"
"54","2251904147",18.440966,-33.949355,"South Africa","Protea.laurifolia"
"55","2251973308",19.041604,-32.904954,"South Africa","Protea.laurifolia"
"56","2252047982",18.852789,-33.375942,"South Africa","Protea.laurifolia"
"57","2265798660",19.017643,-33.874882,"South Africa","Protea.laurifolia"
"58","2269212751",18.461401,-33.937862,"South Africa","Protea.laurifolia"
"59","2269254580",18.403113,-33.948454,"South Africa","Protea.laurifolia"
"60","2252036691",19.135261,-31.732225,"South Africa","Protea.laurifolia"
"61","2265813878",18.579682,-32.77256,"South Africa","Protea.laurifolia"
"62","2265861190",18.867324,-33.367544,"South Africa","Protea.laurifolia"
"63","2273320421",18.884369,-33.392867,"South Africa","Protea.laurifolia"
"64","2294423124",18.394843,-33.935713,"South Africa","Protea.laurifolia"
"65","2331857862",20.076073,-33.609356,"South Africa","Protea.laurifolia"
"66","2294616710",18.451389,-33.950801,"South Africa","Protea.laurifolia"
"67","2366070938",18.960919,-32.135015,"South Africa","Protea.laurifolia"
"68","2350360287",19.059348,-33.677291,"South Africa","Protea.laurifolia"
"69","2350364589",19.059898,-33.677313,"South Africa","Protea.laurifolia"
"70","2366073114",18.775905,-33.567213,"South Africa","Protea.laurifolia"
"71","2366073309",18.78954,-33.571841,"South Africa","Protea.laurifolia"
"72","2397516027",18.88294,-31.778747,"South Africa","Protea.laurifolia"
"73","2397619481",20.494093,-33.358419,"South Africa","Protea.laurifolia"
"74","2422883356",18.416844,-33.949055,"South Africa","Protea.laurifolia"
"75","2422887872",20.49784,-33.348634,"South Africa","Protea.laurifolia"
"76","2422930633",18.783743,-31.803133,"South Africa","Protea.laurifolia"
"77","2423049921",19.14895,-32.6301,"South Africa","Protea.laurifolia"
"78","2429377014",19.055427,-32.10535,"South Africa","Protea.laurifolia"
"79","2429603165",19.037198,-32.905944,"South Africa","Protea.laurifolia"
"80","2429604629",19.045008,-32.90265,"South Africa","Protea.laurifolia"
"81","2445093640",19.192974,-32.446035,"South Africa","Protea.laurifolia"
"82","2423085821",18.992517,-34.001564,"South Africa","Protea.laurifolia"
"83","2423235755",19.159286,-33.896852,"South Africa","Protea.laurifolia"
"84","2429258525",19.06677,-33.679545,"South Africa","Protea.laurifolia"
"85","2429258880",18.399275,-33.944289,"South Africa","Protea.laurifolia"
"86","2429612655",19.160868,-32.196788,"South Africa","Protea.laurifolia"
"87","2518148715",18.848004,-34.17551,"South Africa","Protea.laurifolia"
"88","2429375517",19.056237,-33.67399,"South Africa","Protea.laurifolia"
"89","2429401305",19.055035,-33.671243,"South Africa","Protea.laurifolia"
"90","2429406722",19.056301,-33.670728,"South Africa","Protea.laurifolia"
"91","2429420164",19.062765,-33.672518,"South Africa","Protea.laurifolia"
"92","2429482811",19.059155,-33.679341,"South Africa","Protea.laurifolia"
"93","2429558503",19.155658,-33.904695,"South Africa","Protea.laurifolia"
"94","2429558800",19.148383,-33.909142,"South Africa","Protea.laurifolia"
"95","2429596479",18.839117,-32.511192,"South Africa","Protea.laurifolia"
"96","2445111284",19.659774,-33.420358,"South Africa","Protea.laurifolia"
"97","2447941414",18.682887,-32.807583,"South Africa","Protea.laurifolia"
"98","2447978680",18.536222,-31.871103,"South Africa","Protea.laurifolia"
"99","2448003111",18.645603,-32.795892,"South Africa","Protea.laurifolia"
"100","2448003902",18.644558,-32.79353,"South Africa","Protea.laurifolia"
"101","2448004231",18.641742,-32.794705,"South Africa","Protea.laurifolia"
"102","2448004544",18.64422,-32.793992,"South Africa","Protea.laurifolia"
"103","2451598176",19.108473,-32.408108,"South Africa","Protea.laurifolia"
"104","2451681453",18.641095,-32.792828,"South Africa","Protea.laurifolia"
"105","2451681538",18.64005,-32.793687,"South Africa","Protea.laurifolia"
"106","2451685459",18.718395,-32.802088,"South Africa","Protea.laurifolia"
"107","2451687940",18.641542,-32.792483,"South Africa","Protea.laurifolia"
"108","2451694748",19.169242,-33.907943,"South Africa","Protea.laurifolia"
"109","2451716142",19.207272,-32.894569,"South Africa","Protea.laurifolia"
"110","2465328212",19.661125,-33.627716,"South Africa","Protea.laurifolia"
"111","2465351575",19.665277,-33.62745,"South Africa","Protea.laurifolia"
"112","2543071156",19.030461,-32.151285,"South Africa","Protea.laurifolia"
"113","2543092604",19.116124,-32.628115,"South Africa","Protea.laurifolia"
"114","2563617735",18.764558,-31.775949,"South Africa","Protea.laurifolia"
"115","2573868290",19.048165,-34.068748,"South Africa","Protea.laurifolia"
"116","2456518824",19.289792,-32.115943,"South Africa","Protea.laurifolia"
"117","2460008113",19.068074,-33.67846,"South Africa","Protea.laurifolia"
"118","2460101753",19.06447,-33.682969,"South Africa","Protea.laurifolia"
"119","2460108771",19.063971,-33.683515,"South Africa","Protea.laurifolia"
"120","2460116874",19.059672,-33.680341,"South Africa","Protea.laurifolia"
"121","2465286646",19.04969,-33.86889,"South Africa","Protea.laurifolia"
"122","2540772987",19.069555,-33.682745,"South Africa","Protea.laurifolia"
"123","2540789172",19.068017,-33.680849,"South Africa","Protea.laurifolia"
"124","2540835630",19.067212,-33.686442,"South Africa","Protea.laurifolia"
"125","2540851297",19.068613,-33.681761,"South Africa","Protea.laurifolia"
"126","1836575354",19.744256,-33.994558,"South Africa","Protea.laurifolia"
"127","1836618141",19.135262,-33.526752,"South Africa","Protea.laurifolia"
"128","1836618559",19.135685,-33.526352,"South Africa","Protea.laurifolia"
"129","1837091093",19.744556,-33.992512,"South Africa","Protea.laurifolia"
"130","1837745208",19.726554,-34.018889,"South Africa","Protea.laurifolia"
"131","1838013474",19.798258,-33.948018,"South Africa","Protea.laurifolia"
"132","1839207151",19.710472,-34.015506,"South Africa","Protea.laurifolia"
"133","2243002027",19.115083,-33.53048,"South Africa","Protea.laurifolia"
"134","1847446907",18.971718,-32.564897,"South Africa","Protea.laurifolia"
"135","1847464108",19.328041,-33.743755,"South Africa","Protea.laurifolia"
"136","1847524895",19.016389,-33.135556,"South Africa","Protea.laurifolia"
"137","1848764609",19.082055,-33.361898,"South Africa","Protea.laurifolia"
"138","2574184367",18.424677,-33.989556,"South Africa","Protea.laurifolia"
"139","1850914713",22.463813,-33.94724,"South Africa","Protea.laurifolia"
"140","1883491860",18.43318,-33.990692,"South Africa","Protea.laurifolia"
"141","1883530079",18.80283,-33.57883,"South Africa","Protea.laurifolia"
"142","1945469086",19.591814,-33.943447,"South Africa","Protea.laurifolia"
"143","1890708022",19.691064,-33.170519,"South Africa","Protea.laurifolia"
"144","1891345541",19.198782,-32.508136,"South Africa","Protea.laurifolia"
"145","1898843372",18.400817,-33.946258,"South Africa","Protea.laurifolia"
"146","1899758759",20.051629,-33.589293,"South Africa","Protea.laurifolia"
"147","1901060027",18.769943,-31.767044,"South Africa","Protea.laurifolia"
"148","1914232181",19.62991,-33.356419,"South Africa","Protea.laurifolia"
"149","1914243410",19.040556,-31.458611,"South Africa","Protea.laurifolia"
"150","1914345269",18.917222,-32.410833,"South Africa","Protea.laurifolia"
"151","1931517236",19.235675,-32.361518,"South Africa","Protea.laurifolia"
"152","1920827432",19.308889,-33.4925,"South Africa","Protea.laurifolia"
"153","1931514927",19.476347,-32.926865,"South Africa","Protea.laurifolia"
"154","1935619619",19.308693,-33.492546,"South Africa","Protea.laurifolia"
"155","1948779320",20.516056,-33.336758,"South Africa","Protea.laurifolia"
"156","1978468545",19.122201,-33.594144,"South Africa","Protea.laurifolia"
"157","1978834364",18.825914,-32.258278,"South Africa","Protea.laurifolia"
"158","1986597368",19.157742,-33.908456,"South Africa","Protea.laurifolia"
"159","1839239560",18.88976,-33.13942,"South Africa","Protea.laurifolia"
"160","1839244284",19.6417,-33.3539,"South Africa","Protea.laurifolia"
"161","1993766284",18.8725,-33.39167,"South Africa","Protea.laurifolia"
"162","1699366452",19.445362,-32.853046,"South Africa","Protea.laurifolia"
"163","2529381606",19.263206,-32.829662,"South Africa","Protea.laurifolia"
"164","1699377354",19.090432,-33.747185,"South Africa","Protea.laurifolia"
"165","2596105726",19.325046,-33.230612,"South Africa","Protea.laurifolia"
"166","1807317441",19.158773,-33.897368,"South Africa","Protea.laurifolia"
"167","1831167165",20.253586,-33.712756,"South Africa","Protea.laurifolia"
"168","1831168655",19.496674,-33.96907,"South Africa","Protea.laurifolia"
"169","2429298938",20.248834,-33.686977,"South Africa","Protea.laurifolia"
"170","1838405570",19.3059,-33.4923,"South Africa","Protea.laurifolia"
"171","1839240710",19.3618,-33.4687,"South Africa","Protea.laurifolia"
"172","2265856710",19.852592,-33.604375,"South Africa","Protea.laurifolia"
"173","1839221348",20.06589,-33.6107,"South Africa","Protea.laurifolia"
"174","1850898033",19.80087,-33.94562,"South Africa","Protea.laurifolia"
"175","1850898206",19.7943,-33.9517,"South Africa","Protea.laurifolia"
"176","2265875466",19.993026,-33.603554,"South Africa","Protea.laurifolia"
"177","1841194710",19.904421,-34.024241,"South Africa","Protea.laurifolia"
"178","2269248767",20.248338,-33.684998,"South Africa","Protea.laurifolia"
"179","2451723062",18.783915,-31.80557,"South Africa","Protea.laurifolia"
"180","2451725644",18.781466,-31.806109,"South Africa","Protea.laurifolia"
"181","1838407608",19.49735,-33.96904,"South Africa","Protea.laurifolia"
"182","1839233319",19.208,-32.317,"South Africa","Protea.laurifolia"
"183","1839237110",19.075,-33.702,"South Africa","Protea.laurifolia"
"184","1850897352",19.72976,-33.95972,"South Africa","Protea.laurifolia"
"185","1839225299",19.2241,-32.4624,"South Africa","Protea.laurifolia"
"186","1838379379",19.28157,-32.43329,"South Africa","Protea.laurifolia"
"187","1986588378",20.220229,-33.769818,"South Africa","Protea.laurifolia"
"188","1838387745",19.1632,-33.9357,"South Africa","Protea.laurifolia"
"189","1838400469",19.075739,-33.69677,"South Africa","Protea.laurifolia"
"190","1838397160",19.05894,-33.6775,"South Africa","Protea.laurifolia"
"191","1838397166",19.062567,-33.679769,"South Africa","Protea.laurifolia"
"192","1838392629",18.8304,-33.35416,"South Africa","Protea.laurifolia"
"193","1838405954",19.15758,-33.90636,"South Africa","Protea.laurifolia"
"194","1838408421",19.214,-32.435,"South Africa","Protea.laurifolia"
"195","1838413962",19.15787,-33.90588,"South Africa","Protea.laurifolia"
"196","1838414545",19.157697,-33.905905,"South Africa","Protea.laurifolia"
"197","2329542009",19.153633,-33.890938,"South Africa","Protea.laurifolia"
"198","2329549633",19.153633,-33.890938,"South Africa","Protea.laurifolia"
"199","1838344100",19.79991,-33.85657,"South Africa","Protea.laurifolia"
"200","1838333937",18.911666,-33.685028,"South Africa","Protea.laurifolia"
"201","1838344181",18.9785,-32.14,"South Africa","Protea.laurifolia"
"202","1993721652",20.048926,-33.598034,"South Africa","Protea.laurifolia"
"203","2244297070",19.255729,-33.837426,"South Africa","Protea.laurifolia"
"204","1838343478",19.369847,-33.151622,"South Africa","Protea.laurifolia"
"205","1838343958",19.154655,-32.430456,"South Africa","Protea.laurifolia"
"206","1838357720",18.74598,-31.84758,"South Africa","Protea.laurifolia"
"207","1838372538",18.88844,-33.409851,"South Africa","Protea.laurifolia"
"208","1838362111",19.11249,-33.74238,"South Africa","Protea.laurifolia"
"209","1838372356",19.11249,-33.74238,"South Africa","Protea.laurifolia"
"210","1838317651",18.91109,-33.68349,"South Africa","Protea.laurifolia"
"211","1993759656",18.5601,-32.7115,"South Africa","Protea.laurifolia"
"212","1212015147",19.10114,-33.62931,"South Africa","Protea.laurifolia"
"213","1838318914",21.5277,-33.4535,"South Africa","Protea.laurifolia"
"214","1838324695",20.2486,-33.6869,"South Africa","Protea.laurifolia"
"215","1838328276",19.92067,-33.69225,"South Africa","Protea.laurifolia"
"216","1838053469",19.29423,-33.49699,"South Africa","Protea.laurifolia"
"217","1850893107",20.2486,-33.6869,"South Africa","Protea.laurifolia"
"218","1212015345",19.04115,-31.373,"South Africa","Protea.laurifolia"
"219","1212015363",19.04115,-31.373,"South Africa","Protea.laurifolia"
"220","1212015372",19.04115,-31.373,"South Africa","Protea.laurifolia"
"221","1838061365",19.1243,-33.7338,"South Africa","Protea.laurifolia"
"222","1838065804",19.63187,-33.357,"South Africa","Protea.laurifolia"
"223","1838066752",19.1011,-31.3358,"South Africa","Protea.laurifolia"
"224","1838050470",19.20242,-32.50747,"South Africa","Protea.laurifolia"
"225","1838315826",19.15757,-33.89886,"South Africa","Protea.laurifolia"
"226","1914367178",19.737742,-33.99378,"South Africa","Protea.laurifolia"
"227","1850893191",19.85711,-33.60446,"South Africa","Protea.laurifolia"
"228","685238754",18.875,-33.625,"South Africa","Protea.laurifolia"
"229","1838049570",20.61283,-33.50194,"South Africa","Protea.laurifolia"
"230","699269103",19.157,-32.6357,"South Africa","Protea.laurifolia"
"231","699269110",18.9916,-32.13538,"South Africa","Protea.laurifolia"
"232","1838053990",19.2124,-32.4464,"South Africa","Protea.laurifolia"
"233","2445042185",19.168565,-33.540272,"South Africa","Protea.laurifolia"
"234","1838356266",20.7823,-33.8295,"South Africa","Protea.laurifolia"
"235","2366147363",20.694433,-33.484372,"South Africa","Protea.laurifolia"
"236","2005448785",19.685556,-33.422778,"South Africa","Protea.laurifolia"
"237","462191010",19.625,-32.875,"South Africa","Protea.laurifolia"
"238","1697709779",18.916667,-34.35,"South Africa","Protea.laurifolia"
"239","462191008",18.625,-33.125,"South Africa","Protea.laurifolia"
"240","462191007",19.375,-32.375,"South Africa","Protea.laurifolia"
"241","462191006",19.375,-32.875,"South Africa","Protea.laurifolia"
"242","1453048567",19.083245,-31.372264,"South Africa","Protea.laurifolia"
"243","462191137",19.125,-31.625,"South Africa","Protea.laurifolia"
"244","462191138",19.125,-31.625,"South Africa","Protea.laurifolia"
"245","462191002",19.625,-33.875,"South Africa","Protea.laurifolia"
"246","462191003",19.625,-33.875,"South Africa","Protea.laurifolia"
"247","462190992",20.625,-33.375,"South Africa","Protea.laurifolia"
"248","462191061",19.125,-32.625,"South Africa","Protea.laurifolia"
"249","462191004",20.625,-33.375,"South Africa","Protea.laurifolia"
"250","462190989",19.125,-31.875,"South Africa","Protea.laurifolia"
"251","462191050",19.125,-31.875,"South Africa","Protea.laurifolia"
"252","462191051",19.125,-31.875,"South Africa","Protea.laurifolia"
"253","462190990",19.875,-33.875,"South Africa","Protea.laurifolia"
"254","462191027",19.875,-33.875,"South Africa","Protea.laurifolia"
"255","462191089",19.625,-33.875,"South Africa","Protea.laurifolia"
"256","462190988",19.625,-32.875,"South Africa","Protea.laurifolia"
"257","462190993",18.875,-33.125,"South Africa","Protea.laurifolia"
"258","462191132",18.875,-33.125,"South Africa","Protea.laurifolia"
"259","462191001",20.625,-33.375,"South Africa","Protea.laurifolia"
"260","462190986",19.625,-33.625,"South Africa","Protea.laurifolia"
"261","462191156",19.625,-33.625,"South Africa","Protea.laurifolia"
"262","462190987",19.125,-31.375,"South Africa","Protea.laurifolia"
"263","462190984",19.125,-32.375,"South Africa","Protea.laurifolia"
"264","462190985",19.125,-31.375,"South Africa","Protea.laurifolia"
"265","462191005",19.125,-31.375,"South Africa","Protea.laurifolia"
"266","462191072",19.125,-31.375,"South Africa","Protea.laurifolia"
"267","462191153",18.875,-33.625,"South Africa","Protea.laurifolia"
"268","1261439295",19.28333,-33.96666,"South Africa","Protea.laurifolia"
"269","462190998",20.625,-33.375,"South Africa","Protea.laurifolia"
"270","462191084",20.625,-33.375,"South Africa","Protea.laurifolia"
"271","462190974",19.625,-33.625,"South Africa","Protea.laurifolia"
"272","462190975",20.375,-33.375,"South Africa","Protea.laurifolia"
"273","462190976",19.375,-32.875,"South Africa","Protea.laurifolia"
"274","462190977",19.375,-33.375,"South Africa","Protea.laurifolia"
"275","462190978",19.375,-33.125,"South Africa","Protea.laurifolia"
"276","462190979",18.875,-32.625,"South Africa","Protea.laurifolia"
"277","462190980",19.125,-31.375,"South Africa","Protea.laurifolia"
"278","462190981",19.625,-33.875,"South Africa","Protea.laurifolia"
"279","1261438841",18.71666,-32.11666,"South Africa","Protea.laurifolia"
"280","1261439117",19.3,-32.71666,"South Africa","Protea.laurifolia"
"281","1261439208",18.51666,-32.11666,"South Africa","Protea.laurifolia"
"282","1261439464",19.08333,-32.65,"South Africa","Protea.laurifolia"
"283","462191101",19.875,-33.625,"South Africa","Protea.laurifolia"
"284","2573853301",19.087664,-33.696338,"South Africa","Protea.laurifolia"
"285","2574028229",19.087664,-33.696338,"South Africa","Protea.laurifolia"
"286","1261438947",18.86666,-32.41666,"South Africa","Protea.laurifolia"
"287","1261439211",18.45,-34.01666,"South Africa","Protea.laurifolia"
"288","1261439360",18.93333,-32.15,"South Africa","Protea.laurifolia"
"289","1261439374",18.93333,-32.15,"South Africa","Protea.laurifolia"
"290","462190973",19.125,-33.375,"South Africa","Protea.laurifolia"
"291","462191103",19.125,-33.375,"South Africa","Protea.laurifolia"
"292","462191000",19.125,-32.125,"South Africa","Protea.laurifolia"
"293","462190982",20.625,-33.375,"South Africa","Protea.laurifolia"
"294","462190997",20.625,-33.375,"South Africa","Protea.laurifolia"
"295","462191104",20.625,-33.375,"South Africa","Protea.laurifolia"
"296","462190972",18.875,-31.125,"South Africa","Protea.laurifolia"
"297","462191155",18.875,-31.125,"South Africa","Protea.laurifolia"
"298","462191071",18.875,-33.625,"South Africa","Protea.laurifolia"
"299","462190967",18.875,-33.875,"South Africa","Protea.laurifolia"
"300","462191067",18.875,-33.875,"South Africa","Protea.laurifolia"
"301","462191087",18.875,-33.875,"South Africa","Protea.laurifolia"
"302","462190968",20.625,-33.625,"South Africa","Protea.laurifolia"
"303","462191098",20.875,-34.375,"South Africa","Protea.laurifolia"
"304","462191082",19.125,-33.375,"South Africa","Protea.laurifolia"
"305","462191029",19.375,-33.625,"South Africa","Protea.laurifolia"
"306","462190965",19.625,-33.625,"South Africa","Protea.laurifolia"
"307","462190966",19.625,-33.625,"South Africa","Protea.laurifolia"
"308","462191053",19.625,-33.625,"South Africa","Protea.laurifolia"
"309","462191057",19.625,-33.625,"South Africa","Protea.laurifolia"
"310","462191112",19.625,-33.625,"South Africa","Protea.laurifolia"
"311","462191147",19.625,-33.625,"South Africa","Protea.laurifolia"
"312","462191159",19.625,-33.625,"South Africa","Protea.laurifolia"
"313","462190957",18.875,-32.375,"South Africa","Protea.laurifolia"
"314","462190958",18.875,-32.375,"South Africa","Protea.laurifolia"
"315","462190960",19.125,-33.125,"South Africa","Protea.laurifolia"
"316","462191044",19.125,-32.625,"South Africa","Protea.laurifolia"
"317","462191062",18.875,-34.125,"South Africa","Protea.laurifolia"
"318","462191074",18.875,-34.375,"South Africa","Protea.laurifolia"
"319","462191079",19.125,-33.125,"South Africa","Protea.laurifolia"
"320","462191096",19.125,-32.625,"South Africa","Protea.laurifolia"
"321","462191108",19.375,-33.125,"South Africa","Protea.laurifolia"
"322","462191133",19.125,-32.875,"South Africa","Protea.laurifolia"
"323","462191134",18.875,-32.375,"South Africa","Protea.laurifolia"
"324","462191152",19.125,-32.625,"South Africa","Protea.laurifolia"
"325","462190962",18.875,-33.875,"South Africa","Protea.laurifolia"
"326","462191088",18.875,-33.875,"South Africa","Protea.laurifolia"
"327","462190950",18.625,-31.125,"South Africa","Protea.laurifolia"
"328","462190951",18.625,-31.125,"South Africa","Protea.laurifolia"
"329","462191162",18.625,-32.125,"South Africa","Protea.laurifolia"
"330","462190959",21.875,-34.125,"South Africa","Protea.laurifolia"
"331","462191146",21.875,-33.875,"South Africa","Protea.laurifolia"
"332","462190955",19.125,-32.375,"South Africa","Protea.laurifolia"
"333","462190956",18.875,-31.625,"South Africa","Protea.laurifolia"
"334","462190963",19.125,-31.875,"South Africa","Protea.laurifolia"
"335","462190964",19.375,-32.375,"South Africa","Protea.laurifolia"
"336","462191011",18.875,-31.625,"South Africa","Protea.laurifolia"
"337","462191042",21.125,-33.875,"South Africa","Protea.laurifolia"
"338","462191077",19.125,-31.875,"South Africa","Protea.laurifolia"
"339","462191083",19.375,-32.375,"South Africa","Protea.laurifolia"
"340","462191085",19.125,-32.125,"South Africa","Protea.laurifolia"
"341","462191092",21.125,-33.875,"South Africa","Protea.laurifolia"
"342","462191135",19.125,-32.375,"South Africa","Protea.laurifolia"
"343","462190949",19.375,-33.125,"South Africa","Protea.laurifolia"
"344","462190961",18.875,-33.875,"South Africa","Protea.laurifolia"
"345","462191086",18.875,-33.875,"South Africa","Protea.laurifolia"
"346","462191116",19.375,-33.125,"South Africa","Protea.laurifolia"
"347","462190948",19.375,-31.625,"South Africa","Protea.laurifolia"
"348","462191054",19.375,-32.625,"South Africa","Protea.laurifolia"
"349","462190999",19.125,-33.125,"South Africa","Protea.laurifolia"
"350","462190952",18.375,-33.375,"South Africa","Protea.laurifolia"
"351","462191066",19.375,-33.125,"South Africa","Protea.laurifolia"
"352","462190953",19.375,-33.375,"South Africa","Protea.laurifolia"
"353","462190904",19.375,-33.875,"South Africa","Protea.laurifolia"
"354","462190905",19.375,-33.875,"South Africa","Protea.laurifolia"
"355","462190893",19.625,-33.875,"South Africa","Protea.laurifolia"
"356","462191060",19.625,-33.875,"South Africa","Protea.laurifolia"
"357","462191076",18.875,-31.625,"South Africa","Protea.laurifolia"
"358","462191078",19.625,-33.875,"South Africa","Protea.laurifolia"
"359","462191081",19.625,-33.875,"South Africa","Protea.laurifolia"
"360","462190903",19.125,-33.875,"South Africa","Protea.laurifolia"
"361","462190944",18.875,-31.875,"South Africa","Protea.laurifolia"
"362","462191059",19.125,-33.875,"South Africa","Protea.laurifolia"
"363","462190899",18.875,-31.375,"South Africa","Protea.laurifolia"
"364","462191093",18.875,-32.375,"South Africa","Protea.laurifolia"
"365","2517228151",31.026098,-30.404468,"South Africa","Protea.laurifolia"
"366","2517271127",31.026098,-30.404468,"South Africa","Protea.laurifolia"
"367","462191052",18.375,-33.875,"South Africa","Protea.laurifolia"
"368","462190911",19.125,-33.875,"South Africa","Protea.laurifolia"
"369","462190994",19.125,-33.875,"South Africa","Protea.laurifolia"
"370","462191141",19.125,-33.875,"South Africa","Protea.laurifolia"
"371","462190983",18.625,-31.875,"South Africa","Protea.laurifolia"
"372","462190924",19.375,-31.375,"South Africa","Protea.laurifolia"
"373","462191019",19.625,-33.875,"South Africa","Protea.laurifolia"
"374","462190896",19.375,-33.375,"South Africa","Protea.laurifolia"
"375","462191043",19.375,-33.375,"South Africa","Protea.laurifolia"
"376","462191151",20.875,-33.125,"South Africa","Protea.laurifolia"
"377","462191100",22.125,-33.625,"South Africa","Protea.laurifolia"
"378","462190995",19.125,-33.375,"South Africa","Protea.laurifolia"
"379","462190926",19.125,-31.375,"South Africa","Protea.laurifolia"
"380","462190927",19.125,-31.375,"South Africa","Protea.laurifolia"
"381","462190933",19.125,-31.375,"South Africa","Protea.laurifolia"
"382","462190940",19.125,-32.125,"South Africa","Protea.laurifolia"
"383","462191136",18.875,-32.125,"South Africa","Protea.laurifolia"
"384","462191115",19.125,-33.375,"South Africa","Protea.laurifolia"
"385","462190996",20.125,-33.625,"South Africa","Protea.laurifolia"
"386","462191009",19.625,-33.125,"South Africa","Protea.laurifolia"
"387","462191014",19.375,-33.875,"South Africa","Protea.laurifolia"
"388","462191037",19.375,-33.375,"South Africa","Protea.laurifolia"
"389","462191158",19.375,-33.375,"South Africa","Protea.laurifolia"
"390","462191058",18.875,-32.125,"South Africa","Protea.laurifolia"
"391","462190946",19.375,-33.375,"South Africa","Protea.laurifolia"
"392","462190947",19.375,-33.375,"South Africa","Protea.laurifolia"
"393","462191106",22.125,-33.625,"South Africa","Protea.laurifolia"
"394","462191150",22.125,-33.625,"South Africa","Protea.laurifolia"
"395","462191047",18.625,-31.875,"South Africa","Protea.laurifolia"
"396","462191073",19.375,-32.375,"South Africa","Protea.laurifolia"
"397","462191069",19.125,-33.625,"South Africa","Protea.laurifolia"
"398","462191145",19.125,-33.625,"South Africa","Protea.laurifolia"
"399","462191035",19.125,-33.625,"South Africa","Protea.laurifolia"
"400","462190930",18.875,-33.625,"South Africa","Protea.laurifolia"
"401","462190936",18.875,-33.625,"South Africa","Protea.laurifolia"
"402","462191102",22.125,-33.625,"South Africa","Protea.laurifolia"
"403","462190901",19.125,-33.875,"South Africa","Protea.laurifolia"
"404","462191160",19.125,-33.875,"South Africa","Protea.laurifolia"
"405","462191113",18.875,-32.125,"South Africa","Protea.laurifolia"
"406","462191114",18.875,-32.125,"South Africa","Protea.laurifolia"
"407","462190928",19.125,-31.375,"South Africa","Protea.laurifolia"
"408","462190891",18.875,-33.625,"South Africa","Protea.laurifolia"
"409","462191028",18.875,-33.625,"South Africa","Protea.laurifolia"
"410","462191070",19.125,-33.375,"South Africa","Protea.laurifolia"
"411","462191030",19.875,-33.375,"South Africa","Protea.laurifolia"
"412","462191031",19.875,-33.375,"South Africa","Protea.laurifolia"
"413","462191120",18.875,-32.125,"South Africa","Protea.laurifolia"
"414","462190910",19.375,-33.375,"South Africa","Protea.laurifolia"
"415","462190922",19.375,-33.625,"South Africa","Protea.laurifolia"
"416","462191099",19.375,-33.625,"South Africa","Protea.laurifolia"
"417","462190932",19.125,-33.625,"South Africa","Protea.laurifolia"
"418","462191105",18.875,-33.125,"South Africa","Protea.laurifolia"
"419","462191032",18.375,-32.625,"South Africa","Protea.laurifolia"
"420","462191033",18.375,-32.625,"South Africa","Protea.laurifolia"
"421","462191144",18.375,-32.625,"South Africa","Protea.laurifolia"
"422","462190921",19.375,-33.625,"South Africa","Protea.laurifolia"
"423","462191017",19.875,-33.625,"South Africa","Protea.laurifolia"
"424","462191018",19.875,-33.625,"South Africa","Protea.laurifolia"
"425","462191131",20.125,-33.875,"South Africa","Protea.laurifolia"
"426","462191023",18.875,-33.375,"South Africa","Protea.laurifolia"
"427","462191024",18.875,-33.375,"South Africa","Protea.laurifolia"
"428","462191020",19.125,-33.625,"South Africa","Protea.laurifolia"
"429","462191022",19.125,-33.125,"South Africa","Protea.laurifolia"
"430","462191025",20.625,-33.375,"South Africa","Protea.laurifolia"
"431","462191026",20.625,-33.375,"South Africa","Protea.laurifolia"
"432","462191127",19.125,-33.375,"South Africa","Protea.laurifolia"
"433","462191128",19.125,-33.375,"South Africa","Protea.laurifolia"
"434","462191129",19.125,-33.375,"South Africa","Protea.laurifolia"
"435","462190918",19.125,-31.375,"South Africa","Protea.laurifolia"
"436","462191111",19.125,-31.375,"South Africa","Protea.laurifolia"
"437","462191117",19.125,-33.375,"South Africa","Protea.laurifolia"
"438","462191016",18.875,-32.125,"South Africa","Protea.laurifolia"
"439","685238746",19.375,-33.875,"South Africa","Protea.laurifolia"
"440","462191040",20.375,-33.375,"South Africa","Protea.laurifolia"
"441","462191041",20.375,-33.375,"South Africa","Protea.laurifolia"
"442","462191056",20.625,-34.375,"South Africa","Protea.laurifolia"
"443","462191118",19.125,-33.875,"South Africa","Protea.laurifolia"
"444","462191125",19.125,-32.125,"South Africa","Protea.laurifolia"
"445","462191126",19.125,-32.125,"South Africa","Protea.laurifolia"
"446","462191021",19.375,-33.375,"South Africa","Protea.laurifolia"
"447","462191139",19.125,-33.625,"South Africa","Protea.laurifolia"
"448","462191140",19.125,-33.625,"South Africa","Protea.laurifolia"
"449","462190943",19.125,-33.625,"South Africa","Protea.laurifolia"
"450","462191119",18.875,-32.125,"South Africa","Protea.laurifolia"
"451","462191130",19.125,-33.625,"South Africa","Protea.laurifolia"
"452","462191063",19.125,-32.125,"South Africa","Protea.laurifolia"
"453","462191107",19.375,-31.625,"South Africa","Protea.laurifolia"
"454","462191122",19.375,-31.875,"South Africa","Protea.laurifolia"
"455","462191068",20.125,-33.125,"South Africa","Protea.laurifolia"
"456","462191015",19.125,-33.125,"South Africa","Protea.laurifolia"
"457","462191046",18.875,-32.625,"South Africa","Protea.laurifolia"
"458","462190935",19.125,-31.375,"South Africa","Protea.laurifolia"
"459","685238750",19.125,-31.375,"South Africa","Protea.laurifolia"
"460","462191055",19.125,-33.125,"South Africa","Protea.laurifolia"
"461","462190894",19.125,-33.625,"South Africa","Protea.laurifolia"
"462","685238751",19.125,-33.625,"South Africa","Protea.laurifolia"
"463","462191012",19.125,-33.125,"South Africa","Protea.laurifolia"
"464","462191039",20.125,-33.125,"South Africa","Protea.laurifolia"
"465","462191091",20.125,-33.125,"South Africa","Protea.laurifolia"
"466","462191109",19.125,-32.125,"South Africa","Protea.laurifolia"
"467","462191154",19.125,-32.125,"South Africa","Protea.laurifolia"
"468","685238749",19.875,-33.625,"South Africa","Protea.laurifolia"
"469","462191049",20.375,-33.625,"South Africa","Protea.laurifolia"
"470","462191142",19.125,-33.375,"South Africa","Protea.laurifolia"
"471","462191097",19.875,-34.125,"South Africa","Protea.laurifolia"
"472","462191048",19.125,-33.625,"South Africa","Protea.laurifolia"
"473","462191064",19.375,-33.375,"South Africa","Protea.laurifolia"
"474","462191034",19.875,-33.875,"South Africa","Protea.laurifolia"
"475","462191013",19.125,-33.375,"South Africa","Protea.laurifolia"
"476","462191124",18.875,-32.125,"South Africa","Protea.laurifolia"
"477","462190931",19.125,-31.375,"South Africa","Protea.laurifolia"
"478","462191143",26.875,-32.625,"South Africa","Protea.laurifolia"
"479","462191148",19.375,-33.375,"South Africa","Protea.laurifolia"
"480","462190895",18.875,-32.125,"South Africa","Protea.laurifolia"
"481","462191095",19.375,-33.125,"South Africa","Protea.laurifolia"
"482","439266414",20.58091,-33.28066,"South Africa","Protea.laurifolia"
"483","462190934",20.875,-33.125,"South Africa","Protea.laurifolia"
"484","462191080",19.125,-31.375,"South Africa","Protea.laurifolia"
"485","462190915",19.125,-33.875,"South Africa","Protea.laurifolia"
"486","462191110",19.875,-33.375,"South Africa","Protea.laurifolia"
"487","462190892",19.125,-31.375,"South Africa","Protea.laurifolia"
"488","462190919",19.375,-33.625,"South Africa","Protea.laurifolia"
"489","462191161",19.375,-33.375,"South Africa","Protea.laurifolia"
"490","462191090",19.125,-32.375,"South Africa","Protea.laurifolia"
"491","462190917",20.125,-33.875,"South Africa","Protea.laurifolia"
"492","462190929",19.125,-33.375,"South Africa","Protea.laurifolia"
"493","462191094",19.125,-33.375,"South Africa","Protea.laurifolia"
"494","462190907",19.625,-33.375,"South Africa","Protea.laurifolia"
"495","462191149",19.625,-33.125,"South Africa","Protea.laurifolia"
"496","462190938",19.125,-33.375,"South Africa","Protea.laurifolia"
"497","462190991",19.125,-33.375,"South Africa","Protea.laurifolia"
"498","462191045",19.125,-33.375,"South Africa","Protea.laurifolia"
"499","685238752",18.375,-34.125,"South Africa","Protea.laurifolia"
"500","685238744",19.125,-33.875,"South Africa","Protea.laurifolia"
"501","685238745",19.125,-33.875,"South Africa","Protea.laurifolia"
"502","685238742",19.125,-34.375,"South Africa","Protea.laurifolia"
"503","462190898",18.625,-31.875,"South Africa","Protea.laurifolia"
"504","685238748",18.625,-31.875,"South Africa","Protea.laurifolia"
"505","462191123",19.625,-33.375,"South Africa","Protea.laurifolia"
"506","462190916",19.375,-33.875,"South Africa","Protea.laurifolia"
"507","462190897",20.625,-33.125,"South Africa","Protea.laurifolia"
"508","462190900",18.875,-32.375,"South Africa","Protea.laurifolia"
"509","2512962980",31.026098,-30.404468,"South Africa","Protea.laurifolia"
"510","462190913",18.875,-33.625,"South Africa","Protea.laurifolia"
"511","462191065",19.625,-33.375,"South Africa","Protea.laurifolia"
"512","2251319377",19.3333,-33.8667,"South Africa","Protea.laurifolia"
"513","2307958345",19.33,-33.87,"South Africa","Protea.laurifolia"
"514","2308070346",19.33,-33.87,"South Africa","Protea.laurifolia"
"515","2513944004",31.026098,-30.404468,"South Africa","Protea.laurifolia"
"516","329093724",22.875,-33.625,"South Africa","Protea.laurifolia"
"517","462190906",18.875,-33.625,"South Africa","Protea.laurifolia"
"518","462190909",19.375,-33.625,"South Africa","Protea.laurifolia"
"519","462190914",19.125,-33.125,"South Africa","Protea.laurifolia"
"520","462190925",19.125,-33.375,"South Africa","Protea.laurifolia"
"521","462190937",18.875,-33.625,"South Africa","Protea.laurifolia"
"522","462190939",18.875,-32.625,"South Africa","Protea.laurifolia"
"523","462191036",18.875,-33.875,"South Africa","Protea.laurifolia"
"524","462191038",19.125,-33.625,"South Africa","Protea.laurifolia"
"525","462191075",19.375,-33.625,"South Africa","Protea.laurifolia"
"526","462191121",19.375,-33.625,"South Africa","Protea.laurifolia"
"527","462191157",18.625,-31.875,"South Africa","Protea.laurifolia"
"528","685238741",19.125,-33.375,"South Africa","Protea.laurifolia"
